doc_id,created_on,title,body,category
doc_0000,2025-05-21,Scaling interpretability with distributed systems,"This document covers the fundamentals of interpretability with a focus on production readiness. We discuss data pipelines, model training, and deployment strategies. Key metrics include latency, throughput, and accuracy. Teams should monitor drift and retrain regularly.",interpretability
doc_0001,2025-02-22,A deep dive into computer vision architectures,"computer vision systems require careful engineering to scale. Distributed processing, feature stores, and model registries are central. Observability is critical: log inputs, outputs, and latency. Versioning models and datasets prevents silent regressions.",computer-vision
doc_0002,2025-10-30,Evaluating interpretability models,"This document covers the fundamentals of interpretability with a focus on production readiness. We discuss data pipelines, model training, and deployment strategies. Key metrics include latency, throughput, and accuracy. Teams should monitor drift and retrain regularly.",interpretability
doc_0003,2025-02-17,Introduction to data engineering pipelines,"This document covers the fundamentals of data engineering with a focus on production readiness. We discuss data pipelines, model training, and deployment strategies. Key metrics include latency, throughput, and accuracy. Teams should monitor drift and retrain regularly.",data-engineering
doc_0004,2025-11-05,A deep dive into computer vision architectures,"Cost management in computer vision projects demands token budgeting, caching, and batching strategies. Profiling inference reveals bottlenecks. Quantization and distillation reduce serving costs while maintaining acceptable quality thresholds.",computer-vision
doc_0005,2025-11-29,Evaluating nlp models,"nlp systems require careful engineering to scale. Distributed processing, feature stores, and model registries are central. Observability is critical: log inputs, outputs, and latency. Versioning models and datasets prevents silent regressions.",nlp
doc_0006,2025-04-23,Evaluating interpretability models,The evolution of interpretability has accelerated with transformer architectures. Pre-training on large corpora followed by task-specific fine-tuning dominates. Prompt engineering and retrieval-augmented generation extend capability without full retraining.,interpretability
doc_0007,2025-01-04,Fine-tuning data engineering for domain adaptation,"Practitioners adopting data engineering should invest in reproducibility. Use deterministic seeds, pin dependency versions, and store intermediate artifacts. A/B testing and shadow deployments reduce rollout risk. Evaluation suites must cover edge cases.",data-engineering
doc_0008,2025-05-23,Survey of computer vision techniques,"Practitioners adopting computer vision should invest in reproducibility. Use deterministic seeds, pin dependency versions, and store intermediate artifacts. A/B testing and shadow deployments reduce rollout risk. Evaluation suites must cover edge cases.",computer-vision
doc_0009,2025-02-22,A deep dive into computer vision architectures,"Practitioners adopting computer vision should invest in reproducibility. Use deterministic seeds, pin dependency versions, and store intermediate artifacts. A/B testing and shadow deployments reduce rollout risk. Evaluation suites must cover edge cases.",computer-vision
doc_0010,2025-07-03,Survey of nlp techniques,"This document covers the fundamentals of nlp with a focus on production readiness. We discuss data pipelines, model training, and deployment strategies. Key metrics include latency, throughput, and accuracy. Teams should monitor drift and retrain regularly.",nlp
doc_0011,2025-01-23,Fine-tuning mlops for domain adaptation,"Practitioners adopting mlops should invest in reproducibility. Use deterministic seeds, pin dependency versions, and store intermediate artifacts. A/B testing and shadow deployments reduce rollout risk. Evaluation suites must cover edge cases.",mlops
doc_0012,2025-03-05,Building robust interpretability workflows,"Cost management in interpretability projects demands token budgeting, caching, and batching strategies. Profiling inference reveals bottlenecks. Quantization and distillation reduce serving costs while maintaining acceptable quality thresholds.",interpretability
doc_0013,2025-05-31,Scaling data engineering with distributed systems,"Cost management in data engineering projects demands token budgeting, caching, and batching strategies. Profiling inference reveals bottlenecks. Quantization and distillation reduce serving costs while maintaining acceptable quality thresholds.",data-engineering
doc_0014,2025-10-23,Fine-tuning interpretability for domain adaptation,"Practitioners adopting interpretability should invest in reproducibility. Use deterministic seeds, pin dependency versions, and store intermediate artifacts. A/B testing and shadow deployments reduce rollout risk. Evaluation suites must cover edge cases.",interpretability
doc_0015,2025-12-05,Scaling computer vision with distributed systems,"This document covers the fundamentals of computer vision with a focus on production readiness. We discuss data pipelines, model training, and deployment strategies. Key metrics include latency, throughput, and accuracy. Teams should monitor drift and retrain regularly.",computer-vision
doc_0016,2025-04-30,Monitoring computer vision at scale,"This document covers the fundamentals of computer vision with a focus on production readiness. We discuss data pipelines, model training, and deployment strategies. Key metrics include latency, throughput, and accuracy. Teams should monitor drift and retrain regularly.",computer-vision
doc_0017,2025-08-21,Survey of nlp techniques,"Practitioners adopting nlp should invest in reproducibility. Use deterministic seeds, pin dependency versions, and store intermediate artifacts. A/B testing and shadow deployments reduce rollout risk. Evaluation suites must cover edge cases.",nlp
doc_0018,2025-07-09,Optimizing interpretability latency,"interpretability systems require careful engineering to scale. Distributed processing, feature stores, and model registries are central. Observability is critical: log inputs, outputs, and latency. Versioning models and datasets prevents silent regressions.",interpretability
doc_0019,2025-12-26,A deep dive into mlops architectures,"Practitioners adopting mlops should invest in reproducibility. Use deterministic seeds, pin dependency versions, and store intermediate artifacts. A/B testing and shadow deployments reduce rollout risk. Evaluation suites must cover edge cases.",mlops
doc_0020,2025-11-22,Scaling interpretability with distributed systems,"Cost management in interpretability projects demands token budgeting, caching, and batching strategies. Profiling inference reveals bottlenecks. Quantization and distillation reduce serving costs while maintaining acceptable quality thresholds.",interpretability
doc_0021,2025-03-25,Evaluating computer vision models,"computer vision systems require careful engineering to scale. Distributed processing, feature stores, and model registries are central. Observability is critical: log inputs, outputs, and latency. Versioning models and datasets prevents silent regressions.",computer-vision
doc_0022,2025-11-24,Survey of data engineering techniques,"Practitioners adopting data engineering should invest in reproducibility. Use deterministic seeds, pin dependency versions, and store intermediate artifacts. A/B testing and shadow deployments reduce rollout risk. Evaluation suites must cover edge cases.",data-engineering
doc_0023,2025-12-17,Evaluating interpretability models,"interpretability systems require careful engineering to scale. Distributed processing, feature stores, and model registries are central. Observability is critical: log inputs, outputs, and latency. Versioning models and datasets prevents silent regressions.",interpretability
doc_0024,2025-01-17,Introduction to mlops pipelines,"mlops systems require careful engineering to scale. Distributed processing, feature stores, and model registries are central. Observability is critical: log inputs, outputs, and latency. Versioning models and datasets prevents silent regressions.",mlops
doc_0025,2025-02-03,Survey of mlops techniques,"Practitioners adopting mlops should invest in reproducibility. Use deterministic seeds, pin dependency versions, and store intermediate artifacts. A/B testing and shadow deployments reduce rollout risk. Evaluation suites must cover edge cases.",mlops
doc_0026,2025-04-19,Fine-tuning computer vision for domain adaptation,"Practitioners adopting computer vision should invest in reproducibility. Use deterministic seeds, pin dependency versions, and store intermediate artifacts. A/B testing and shadow deployments reduce rollout risk. Evaluation suites must cover edge cases.",computer-vision
doc_0027,2025-11-26,Building robust interpretability workflows,The evolution of interpretability has accelerated with transformer architectures. Pre-training on large corpora followed by task-specific fine-tuning dominates. Prompt engineering and retrieval-augmented generation extend capability without full retraining.,interpretability
doc_0028,2025-03-13,Best practices for data engineering in production,"Practitioners adopting data engineering should invest in reproducibility. Use deterministic seeds, pin dependency versions, and store intermediate artifacts. A/B testing and shadow deployments reduce rollout risk. Evaluation suites must cover edge cases.",data-engineering
doc_0029,2025-05-15,Evaluating computer vision models,"Cost management in computer vision projects demands token budgeting, caching, and batching strategies. Profiling inference reveals bottlenecks. Quantization and distillation reduce serving costs while maintaining acceptable quality thresholds.",computer-vision
doc_0030,2025-10-26,Fine-tuning interpretability for domain adaptation,The evolution of interpretability has accelerated with transformer architectures. Pre-training on large corpora followed by task-specific fine-tuning dominates. Prompt engineering and retrieval-augmented generation extend capability without full retraining.,interpretability
doc_0031,2025-03-12,Optimizing data engineering latency,"data engineering systems require careful engineering to scale. Distributed processing, feature stores, and model registries are central. Observability is critical: log inputs, outputs, and latency. Versioning models and datasets prevents silent regressions.",data-engineering
doc_0032,2025-01-25,Building robust reinforcement learning workflows,"This document covers the fundamentals of reinforcement learning with a focus on production readiness. We discuss data pipelines, model training, and deployment strategies. Key metrics include latency, throughput, and accuracy. Teams should monitor drift and retrain regularly.",reinforcement-learning
doc_0033,2025-12-15,Best practices for nlp in production,"nlp systems require careful engineering to scale. Distributed processing, feature stores, and model registries are central. Observability is critical: log inputs, outputs, and latency. Versioning models and datasets prevents silent regressions.",nlp
doc_0034,2025-07-17,Fine-tuning data engineering for domain adaptation,"This document covers the fundamentals of data engineering with a focus on production readiness. We discuss data pipelines, model training, and deployment strategies. Key metrics include latency, throughput, and accuracy. Teams should monitor drift and retrain regularly.",data-engineering
doc_0035,2025-09-28,Fine-tuning data engineering for domain adaptation,The evolution of data engineering has accelerated with transformer architectures. Pre-training on large corpora followed by task-specific fine-tuning dominates. Prompt engineering and retrieval-augmented generation extend capability without full retraining.,data-engineering
doc_0036,2025-12-15,Evaluating mlops models,"This document covers the fundamentals of mlops with a focus on production readiness. We discuss data pipelines, model training, and deployment strategies. Key metrics include latency, throughput, and accuracy. Teams should monitor drift and retrain regularly.",mlops
doc_0037,2025-05-17,Scaling interpretability with distributed systems,"Cost management in interpretability projects demands token budgeting, caching, and batching strategies. Profiling inference reveals bottlenecks. Quantization and distillation reduce serving costs while maintaining acceptable quality thresholds.",interpretability
doc_0038,2025-05-31,Optimizing interpretability latency,"This document covers the fundamentals of interpretability with a focus on production readiness. We discuss data pipelines, model training, and deployment strategies. Key metrics include latency, throughput, and accuracy. Teams should monitor drift and retrain regularly.",interpretability
doc_0039,2025-01-02,Best practices for data engineering in production,The evolution of data engineering has accelerated with transformer architectures. Pre-training on large corpora followed by task-specific fine-tuning dominates. Prompt engineering and retrieval-augmented generation extend capability without full retraining.,data-engineering
doc_0040,2025-04-02,Monitoring interpretability at scale,"Cost management in interpretability projects demands token budgeting, caching, and batching strategies. Profiling inference reveals bottlenecks. Quantization and distillation reduce serving costs while maintaining acceptable quality thresholds.",interpretability
doc_0041,2025-11-24,Scaling reinforcement learning with distributed systems,"Practitioners adopting reinforcement learning should invest in reproducibility. Use deterministic seeds, pin dependency versions, and store intermediate artifacts. A/B testing and shadow deployments reduce rollout risk. Evaluation suites must cover edge cases.",reinforcement-learning
doc_0042,2025-03-20,Fine-tuning reinforcement learning for domain adaptation,"reinforcement learning systems require careful engineering to scale. Distributed processing, feature stores, and model registries are central. Observability is critical: log inputs, outputs, and latency. Versioning models and datasets prevents silent regressions.",reinforcement-learning
doc_0043,2025-09-29,Best practices for mlops in production,"Cost management in mlops projects demands token budgeting, caching, and batching strategies. Profiling inference reveals bottlenecks. Quantization and distillation reduce serving costs while maintaining acceptable quality thresholds.",mlops
doc_0044,2025-09-08,Fine-tuning nlp for domain adaptation,"Practitioners adopting nlp should invest in reproducibility. Use deterministic seeds, pin dependency versions, and store intermediate artifacts. A/B testing and shadow deployments reduce rollout risk. Evaluation suites must cover edge cases.",nlp
doc_0045,2025-06-07,Scaling nlp with distributed systems,"Practitioners adopting nlp should invest in reproducibility. Use deterministic seeds, pin dependency versions, and store intermediate artifacts. A/B testing and shadow deployments reduce rollout risk. Evaluation suites must cover edge cases.",nlp
doc_0046,2025-10-18,Introduction to computer vision pipelines,"computer vision systems require careful engineering to scale. Distributed processing, feature stores, and model registries are central. Observability is critical: log inputs, outputs, and latency. Versioning models and datasets prevents silent regressions.",computer-vision
doc_0047,2025-02-05,Scaling nlp with distributed systems,The evolution of nlp has accelerated with transformer architectures. Pre-training on large corpora followed by task-specific fine-tuning dominates. Prompt engineering and retrieval-augmented generation extend capability without full retraining.,nlp
doc_0048,2025-12-04,Best practices for reinforcement learning in production,"reinforcement learning systems require careful engineering to scale. Distributed processing, feature stores, and model registries are central. Observability is critical: log inputs, outputs, and latency. Versioning models and datasets prevents silent regressions.",reinforcement-learning
doc_0049,2025-05-16,Evaluating data engineering models,"data engineering systems require careful engineering to scale. Distributed processing, feature stores, and model registries are central. Observability is critical: log inputs, outputs, and latency. Versioning models and datasets prevents silent regressions.",data-engineering
doc_0050,2025-04-19,Fine-tuning reinforcement learning for domain adaptation,The evolution of reinforcement learning has accelerated with transformer architectures. Pre-training on large corpora followed by task-specific fine-tuning dominates. Prompt engineering and retrieval-augmented generation extend capability without full retraining.,reinforcement-learning
doc_0051,2025-07-24,A deep dive into reinforcement learning architectures,"Practitioners adopting reinforcement learning should invest in reproducibility. Use deterministic seeds, pin dependency versions, and store intermediate artifacts. A/B testing and shadow deployments reduce rollout risk. Evaluation suites must cover edge cases.",reinforcement-learning
doc_0052,2025-09-22,Optimizing interpretability latency,The evolution of interpretability has accelerated with transformer architectures. Pre-training on large corpora followed by task-specific fine-tuning dominates. Prompt engineering and retrieval-augmented generation extend capability without full retraining.,interpretability
doc_0053,2025-04-26,Scaling data engineering with distributed systems,"data engineering systems require careful engineering to scale. Distributed processing, feature stores, and model registries are central. Observability is critical: log inputs, outputs, and latency. Versioning models and datasets prevents silent regressions.",data-engineering
doc_0054,2025-10-29,Optimizing nlp latency,"This document covers the fundamentals of nlp with a focus on production readiness. We discuss data pipelines, model training, and deployment strategies. Key metrics include latency, throughput, and accuracy. Teams should monitor drift and retrain regularly.",nlp
doc_0055,2025-04-23,A deep dive into reinforcement learning architectures,"Cost management in reinforcement learning projects demands token budgeting, caching, and batching strategies. Profiling inference reveals bottlenecks. Quantization and distillation reduce serving costs while maintaining acceptable quality thresholds.",reinforcement-learning
doc_0056,2025-04-28,Scaling nlp with distributed systems,"This document covers the fundamentals of nlp with a focus on production readiness. We discuss data pipelines, model training, and deployment strategies. Key metrics include latency, throughput, and accuracy. Teams should monitor drift and retrain regularly.",nlp
doc_0057,2025-02-06,Introduction to nlp pipelines,"Practitioners adopting nlp should invest in reproducibility. Use deterministic seeds, pin dependency versions, and store intermediate artifacts. A/B testing and shadow deployments reduce rollout risk. Evaluation suites must cover edge cases.",nlp
doc_0058,2025-12-09,A deep dive into reinforcement learning architectures,"Practitioners adopting reinforcement learning should invest in reproducibility. Use deterministic seeds, pin dependency versions, and store intermediate artifacts. A/B testing and shadow deployments reduce rollout risk. Evaluation suites must cover edge cases.",reinforcement-learning
doc_0059,2025-03-09,A deep dive into data engineering architectures,"Cost management in data engineering projects demands token budgeting, caching, and batching strategies. Profiling inference reveals bottlenecks. Quantization and distillation reduce serving costs while maintaining acceptable quality thresholds.",data-engineering
doc_0060,2025-08-31,Fine-tuning interpretability for domain adaptation,"Cost management in interpretability projects demands token budgeting, caching, and batching strategies. Profiling inference reveals bottlenecks. Quantization and distillation reduce serving costs while maintaining acceptable quality thresholds.",interpretability
doc_0061,2025-04-08,Building robust computer vision workflows,The evolution of computer vision has accelerated with transformer architectures. Pre-training on large corpora followed by task-specific fine-tuning dominates. Prompt engineering and retrieval-augmented generation extend capability without full retraining.,computer-vision
doc_0062,2025-07-01,Scaling nlp with distributed systems,The evolution of nlp has accelerated with transformer architectures. Pre-training on large corpora followed by task-specific fine-tuning dominates. Prompt engineering and retrieval-augmented generation extend capability without full retraining.,nlp
doc_0063,2025-01-28,Survey of data engineering techniques,The evolution of data engineering has accelerated with transformer architectures. Pre-training on large corpora followed by task-specific fine-tuning dominates. Prompt engineering and retrieval-augmented generation extend capability without full retraining.,data-engineering
doc_0064,2025-07-26,Scaling interpretability with distributed systems,"This document covers the fundamentals of interpretability with a focus on production readiness. We discuss data pipelines, model training, and deployment strategies. Key metrics include latency, throughput, and accuracy. Teams should monitor drift and retrain regularly.",interpretability
doc_0065,2025-05-08,Optimizing interpretability latency,"This document covers the fundamentals of interpretability with a focus on production readiness. We discuss data pipelines, model training, and deployment strategies. Key metrics include latency, throughput, and accuracy. Teams should monitor drift and retrain regularly.",interpretability
doc_0066,2025-08-18,A deep dive into computer vision architectures,"Cost management in computer vision projects demands token budgeting, caching, and batching strategies. Profiling inference reveals bottlenecks. Quantization and distillation reduce serving costs while maintaining acceptable quality thresholds.",computer-vision
doc_0067,2025-05-23,Survey of computer vision techniques,"computer vision systems require careful engineering to scale. Distributed processing, feature stores, and model registries are central. Observability is critical: log inputs, outputs, and latency. Versioning models and datasets prevents silent regressions.",computer-vision
doc_0068,2025-08-15,A deep dive into data engineering architectures,"This document covers the fundamentals of data engineering with a focus on production readiness. We discuss data pipelines, model training, and deployment strategies. Key metrics include latency, throughput, and accuracy. Teams should monitor drift and retrain regularly.",data-engineering
doc_0069,2025-11-30,Scaling reinforcement learning with distributed systems,"This document covers the fundamentals of reinforcement learning with a focus on production readiness. We discuss data pipelines, model training, and deployment strategies. Key metrics include latency, throughput, and accuracy. Teams should monitor drift and retrain regularly.",reinforcement-learning
doc_0070,2025-05-02,Introduction to reinforcement learning pipelines,"This document covers the fundamentals of reinforcement learning with a focus on production readiness. We discuss data pipelines, model training, and deployment strategies. Key metrics include latency, throughput, and accuracy. Teams should monitor drift and retrain regularly.",reinforcement-learning
doc_0071,2025-09-04,Survey of computer vision techniques,The evolution of computer vision has accelerated with transformer architectures. Pre-training on large corpora followed by task-specific fine-tuning dominates. Prompt engineering and retrieval-augmented generation extend capability without full retraining.,computer-vision
doc_0072,2025-03-26,Survey of computer vision techniques,"This document covers the fundamentals of computer vision with a focus on production readiness. We discuss data pipelines, model training, and deployment strategies. Key metrics include latency, throughput, and accuracy. Teams should monitor drift and retrain regularly.",computer-vision
doc_0073,2025-05-16,Introduction to data engineering pipelines,The evolution of data engineering has accelerated with transformer architectures. Pre-training on large corpora followed by task-specific fine-tuning dominates. Prompt engineering and retrieval-augmented generation extend capability without full retraining.,data-engineering
doc_0074,2025-12-23,Monitoring data engineering at scale,The evolution of data engineering has accelerated with transformer architectures. Pre-training on large corpora followed by task-specific fine-tuning dominates. Prompt engineering and retrieval-augmented generation extend capability without full retraining.,data-engineering
doc_0075,2025-03-21,Evaluating interpretability models,The evolution of interpretability has accelerated with transformer architectures. Pre-training on large corpora followed by task-specific fine-tuning dominates. Prompt engineering and retrieval-augmented generation extend capability without full retraining.,interpretability
doc_0076,2025-01-30,Monitoring computer vision at scale,"computer vision systems require careful engineering to scale. Distributed processing, feature stores, and model registries are central. Observability is critical: log inputs, outputs, and latency. Versioning models and datasets prevents silent regressions.",computer-vision
doc_0077,2025-06-10,Evaluating reinforcement learning models,"This document covers the fundamentals of reinforcement learning with a focus on production readiness. We discuss data pipelines, model training, and deployment strategies. Key metrics include latency, throughput, and accuracy. Teams should monitor drift and retrain regularly.",reinforcement-learning
doc_0078,2025-09-02,Introduction to nlp pipelines,"Cost management in nlp projects demands token budgeting, caching, and batching strategies. Profiling inference reveals bottlenecks. Quantization and distillation reduce serving costs while maintaining acceptable quality thresholds.",nlp
doc_0079,2025-01-30,Evaluating reinforcement learning models,"reinforcement learning systems require careful engineering to scale. Distributed processing, feature stores, and model registries are central. Observability is critical: log inputs, outputs, and latency. Versioning models and datasets prevents silent regressions.",reinforcement-learning
doc_0080,2025-02-05,Scaling reinforcement learning with distributed systems,"reinforcement learning systems require careful engineering to scale. Distributed processing, feature stores, and model registries are central. Observability is critical: log inputs, outputs, and latency. Versioning models and datasets prevents silent regressions.",reinforcement-learning
doc_0081,2025-07-26,Scaling reinforcement learning with distributed systems,"reinforcement learning systems require careful engineering to scale. Distributed processing, feature stores, and model registries are central. Observability is critical: log inputs, outputs, and latency. Versioning models and datasets prevents silent regressions.",reinforcement-learning
doc_0082,2025-10-24,Fine-tuning nlp for domain adaptation,"nlp systems require careful engineering to scale. Distributed processing, feature stores, and model registries are central. Observability is critical: log inputs, outputs, and latency. Versioning models and datasets prevents silent regressions.",nlp
doc_0083,2025-02-11,Introduction to reinforcement learning pipelines,"Cost management in reinforcement learning projects demands token budgeting, caching, and batching strategies. Profiling inference reveals bottlenecks. Quantization and distillation reduce serving costs while maintaining acceptable quality thresholds.",reinforcement-learning
doc_0084,2025-09-25,Fine-tuning data engineering for domain adaptation,"Cost management in data engineering projects demands token budgeting, caching, and batching strategies. Profiling inference reveals bottlenecks. Quantization and distillation reduce serving costs while maintaining acceptable quality thresholds.",data-engineering
doc_0085,2025-12-09,Monitoring mlops at scale,"mlops systems require careful engineering to scale. Distributed processing, feature stores, and model registries are central. Observability is critical: log inputs, outputs, and latency. Versioning models and datasets prevents silent regressions.",mlops
doc_0086,2025-05-16,Optimizing interpretability latency,"interpretability systems require careful engineering to scale. Distributed processing, feature stores, and model registries are central. Observability is critical: log inputs, outputs, and latency. Versioning models and datasets prevents silent regressions.",interpretability
doc_0087,2025-08-23,Best practices for data engineering in production,"Practitioners adopting data engineering should invest in reproducibility. Use deterministic seeds, pin dependency versions, and store intermediate artifacts. A/B testing and shadow deployments reduce rollout risk. Evaluation suites must cover edge cases.",data-engineering
doc_0088,2025-08-23,Scaling mlops with distributed systems,"This document covers the fundamentals of mlops with a focus on production readiness. We discuss data pipelines, model training, and deployment strategies. Key metrics include latency, throughput, and accuracy. Teams should monitor drift and retrain regularly.",mlops
doc_0089,2025-02-07,Fine-tuning reinforcement learning for domain adaptation,"This document covers the fundamentals of reinforcement learning with a focus on production readiness. We discuss data pipelines, model training, and deployment strategies. Key metrics include latency, throughput, and accuracy. Teams should monitor drift and retrain regularly.",reinforcement-learning
doc_0090,2025-05-16,A deep dive into reinforcement learning architectures,"Cost management in reinforcement learning projects demands token budgeting, caching, and batching strategies. Profiling inference reveals bottlenecks. Quantization and distillation reduce serving costs while maintaining acceptable quality thresholds.",reinforcement-learning
doc_0091,2025-05-06,Optimizing computer vision latency,"This document covers the fundamentals of computer vision with a focus on production readiness. We discuss data pipelines, model training, and deployment strategies. Key metrics include latency, throughput, and accuracy. Teams should monitor drift and retrain regularly.",computer-vision
doc_0092,2025-08-13,Monitoring mlops at scale,"mlops systems require careful engineering to scale. Distributed processing, feature stores, and model registries are central. Observability is critical: log inputs, outputs, and latency. Versioning models and datasets prevents silent regressions.",mlops
doc_0093,2025-12-01,Monitoring reinforcement learning at scale,"Cost management in reinforcement learning projects demands token budgeting, caching, and batching strategies. Profiling inference reveals bottlenecks. Quantization and distillation reduce serving costs while maintaining acceptable quality thresholds.",reinforcement-learning
doc_0094,2025-06-03,Introduction to reinforcement learning pipelines,"Cost management in reinforcement learning projects demands token budgeting, caching, and batching strategies. Profiling inference reveals bottlenecks. Quantization and distillation reduce serving costs while maintaining acceptable quality thresholds.",reinforcement-learning
doc_0095,2025-05-16,Scaling interpretability with distributed systems,"interpretability systems require careful engineering to scale. Distributed processing, feature stores, and model registries are central. Observability is critical: log inputs, outputs, and latency. Versioning models and datasets prevents silent regressions.",interpretability
doc_0096,2025-03-21,Scaling nlp with distributed systems,"Cost management in nlp projects demands token budgeting, caching, and batching strategies. Profiling inference reveals bottlenecks. Quantization and distillation reduce serving costs while maintaining acceptable quality thresholds.",nlp
doc_0097,2025-04-18,Monitoring mlops at scale,"Cost management in mlops projects demands token budgeting, caching, and batching strategies. Profiling inference reveals bottlenecks. Quantization and distillation reduce serving costs while maintaining acceptable quality thresholds.",mlops
doc_0098,2025-12-18,Optimizing interpretability latency,"interpretability systems require careful engineering to scale. Distributed processing, feature stores, and model registries are central. Observability is critical: log inputs, outputs, and latency. Versioning models and datasets prevents silent regressions.",interpretability
doc_0099,2025-09-08,Monitoring interpretability at scale,"Cost management in interpretability projects demands token budgeting, caching, and batching strategies. Profiling inference reveals bottlenecks. Quantization and distillation reduce serving costs while maintaining acceptable quality thresholds.",interpretability
doc_0100,2025-11-21,Introduction to mlops pipelines,"This document covers the fundamentals of mlops with a focus on production readiness. We discuss data pipelines, model training, and deployment strategies. Key metrics include latency, throughput, and accuracy. Teams should monitor drift and retrain regularly.",mlops
doc_0101,2025-01-02,Monitoring data engineering at scale,"This document covers the fundamentals of data engineering with a focus on production readiness. We discuss data pipelines, model training, and deployment strategies. Key metrics include latency, throughput, and accuracy. Teams should monitor drift and retrain regularly.",data-engineering
doc_0102,2025-03-24,Best practices for mlops in production,"Practitioners adopting mlops should invest in reproducibility. Use deterministic seeds, pin dependency versions, and store intermediate artifacts. A/B testing and shadow deployments reduce rollout risk. Evaluation suites must cover edge cases.",mlops
doc_0103,2025-12-28,Building robust interpretability workflows,"Cost management in interpretability projects demands token budgeting, caching, and batching strategies. Profiling inference reveals bottlenecks. Quantization and distillation reduce serving costs while maintaining acceptable quality thresholds.",interpretability
doc_0104,2025-02-27,Evaluating data engineering models,"This document covers the fundamentals of data engineering with a focus on production readiness. We discuss data pipelines, model training, and deployment strategies. Key metrics include latency, throughput, and accuracy. Teams should monitor drift and retrain regularly.",data-engineering
doc_0105,2025-01-19,Best practices for nlp in production,"Cost management in nlp projects demands token budgeting, caching, and batching strategies. Profiling inference reveals bottlenecks. Quantization and distillation reduce serving costs while maintaining acceptable quality thresholds.",nlp
doc_0106,2025-03-17,Fine-tuning mlops for domain adaptation,"Cost management in mlops projects demands token budgeting, caching, and batching strategies. Profiling inference reveals bottlenecks. Quantization and distillation reduce serving costs while maintaining acceptable quality thresholds.",mlops
doc_0107,2025-06-07,Best practices for data engineering in production,"This document covers the fundamentals of data engineering with a focus on production readiness. We discuss data pipelines, model training, and deployment strategies. Key metrics include latency, throughput, and accuracy. Teams should monitor drift and retrain regularly.",data-engineering
doc_0108,2025-04-18,Introduction to mlops pipelines,"Practitioners adopting mlops should invest in reproducibility. Use deterministic seeds, pin dependency versions, and store intermediate artifacts. A/B testing and shadow deployments reduce rollout risk. Evaluation suites must cover edge cases.",mlops
doc_0109,2025-07-01,A deep dive into interpretability architectures,"This document covers the fundamentals of interpretability with a focus on production readiness. We discuss data pipelines, model training, and deployment strategies. Key metrics include latency, throughput, and accuracy. Teams should monitor drift and retrain regularly.",interpretability
doc_0110,2025-03-21,Survey of reinforcement learning techniques,"Cost management in reinforcement learning projects demands token budgeting, caching, and batching strategies. Profiling inference reveals bottlenecks. Quantization and distillation reduce serving costs while maintaining acceptable quality thresholds.",reinforcement-learning
doc_0111,2025-07-31,Best practices for computer vision in production,"computer vision systems require careful engineering to scale. Distributed processing, feature stores, and model registries are central. Observability is critical: log inputs, outputs, and latency. Versioning models and datasets prevents silent regressions.",computer-vision
doc_0112,2025-07-30,Best practices for nlp in production,"Practitioners adopting nlp should invest in reproducibility. Use deterministic seeds, pin dependency versions, and store intermediate artifacts. A/B testing and shadow deployments reduce rollout risk. Evaluation suites must cover edge cases.",nlp
doc_0113,2025-03-23,A deep dive into interpretability architectures,"Practitioners adopting interpretability should invest in reproducibility. Use deterministic seeds, pin dependency versions, and store intermediate artifacts. A/B testing and shadow deployments reduce rollout risk. Evaluation suites must cover edge cases.",interpretability
doc_0114,2025-01-20,Scaling interpretability with distributed systems,The evolution of interpretability has accelerated with transformer architectures. Pre-training on large corpora followed by task-specific fine-tuning dominates. Prompt engineering and retrieval-augmented generation extend capability without full retraining.,interpretability
doc_0115,2025-08-24,A deep dive into data engineering architectures,"data engineering systems require careful engineering to scale. Distributed processing, feature stores, and model registries are central. Observability is critical: log inputs, outputs, and latency. Versioning models and datasets prevents silent regressions.",data-engineering
doc_0116,2025-04-25,Monitoring mlops at scale,"mlops systems require careful engineering to scale. Distributed processing, feature stores, and model registries are central. Observability is critical: log inputs, outputs, and latency. Versioning models and datasets prevents silent regressions.",mlops
doc_0117,2025-06-18,A deep dive into nlp architectures,The evolution of nlp has accelerated with transformer architectures. Pre-training on large corpora followed by task-specific fine-tuning dominates. Prompt engineering and retrieval-augmented generation extend capability without full retraining.,nlp
doc_0118,2025-06-29,Scaling mlops with distributed systems,"Practitioners adopting mlops should invest in reproducibility. Use deterministic seeds, pin dependency versions, and store intermediate artifacts. A/B testing and shadow deployments reduce rollout risk. Evaluation suites must cover edge cases.",mlops
doc_0119,2025-12-14,Evaluating interpretability models,The evolution of interpretability has accelerated with transformer architectures. Pre-training on large corpora followed by task-specific fine-tuning dominates. Prompt engineering and retrieval-augmented generation extend capability without full retraining.,interpretability
